Ticker,Bourse,name,secteur,cap,prix,devise,Q,V,M,S,F,Score,Verdict,roic,roe,roa,gm,pm,rg,epsg,pe,fpe,pb,ps,pfcf,ev_ebitda,fcy,div_yield,peg,mom,mom_6m,mom_3m,altman,debt_eb,cur_r,pio,beta,vol_30d,accruals,dist_52s,rev_proxy,alerte_revision,mom_rel_sect,liquidite,value_trap,sizing,dilution_pct,Date_Analyse
AI.PA,PA,Air Liquide,Materiaux,Large,170.3,EUR,45.1,29.3,29.7,45.1,66.1,39.1,EVITER (<40),,13.4,6.3,64.2,13.1,-3.4,5.7,27.9,21.6,3.7,3.7,,14.1,1.6,215.0,,-3.8,-2.4,7.4,,1.75,1.17,5,0.72,24.6,,-8.4,0.774,FORTE HAUSSE ATTENDUE,0.966,OK,False,0% — ne pas investir,-0.0,2026-03-05
AIR.PA,PA,Airbus,Industrie,Large,175.88,EUR,43.5,19.3,44.8,44.6,52.7,38.3,EVITER (<40),,21.6,2.7,15.6,7.1,5.1,6.5,26.7,20.2,5.3,1.9,,17.1,-0.9,181.0,,18.9,-8.8,-10.0,,1.79,1.16,3,0.83,30.7,,-20.1,0.758,FORTE HAUSSE ATTENDUE,0.843,OK,False,0% — ne pas investir,-0.26,2026-03-05
ALO.PA,PA,Alstom,Industrie,Large,25.28,EUR,4.1,48.8,79.2,29.5,58.2,36.8,EVITER (<40),,3.3,1.3,12.6,1.7,3.2,262.4,43.6,11.9,1.2,0.6,,11.5,1.2,,,22.8,20.3,5.6,,3.2,0.97,2,1.27,37.0,,-15.3,0.272,FORTE HAUSSE ATTENDUE,1.166,OK,False,0% — ne pas investir,-0.0,2026-03-05
MT.AS,AS,ArcelorMittal,Materiaux,Large,49.31,EUR,5.6,57.6,90.0,43.4,60.4,43.9,SURVEILLER (>=40),,6.0,2.0,9.6,5.1,1.7,,13.9,8.4,0.8,0.6,,8.5,-3.1,95.0,,73.8,69.5,32.1,,2.27,1.36,3,1.67,50.4,,-13.4,0.6,FORTE HAUSSE ATTENDUE,1.701,OK,False,0% — ne pas investir,0.0,2026-03-05
CS.PA,PA,AXA,Finance,Large,38.05,EUR,35.0,67.8,51.6,56.0,61.7,51.0,SURVEILLER (>=40),,18.1,1.2,17.7,11.7,2.3,60.3,11.6,8.6,1.7,0.9,,6.2,,599.0,,9.3,-4.2,-2.5,,1.32,,2,0.61,24.1,,-12.3,0.74,FORTE HAUSSE ATTENDUE,0.927,OK,False,0% — ne pas investir,-0.0,2026-03-05
BNP.PA,PA,BNP Paribas,Finance,Large,87.03,EUR,19.1,58.3,88.1,50.0,64.6,49.6,SURVEILLER (>=40),,9.7,0.5,0.0,25.5,11.5,43.2,8.5,6.8,0.8,2.0,,,,1114.0,,38.7,13.7,12.2,,,,1,0.99,26.2,,-9.7,0.802,REVISION POSITIVE,1.101,OK,False,0% — ne pas investir,-1.49,2026-03-05
EN.PA,PA,Bouygues,Industrie,Large,49.49,EUR,28.6,79.2,95.6,28.4,68.7,56.6,CANDIDAT (>=55),,8.7,2.2,56.3,2.0,-1.6,22.1,18.0,12.4,1.5,0.3,,6.1,13.8,418.0,,39.5,32.4,13.2,,3.26,0.93,2,0.72,22.6,,-6.1,0.691,FORTE HAUSSE ATTENDUE,1.283,OK,True,2-3% portefeuille (POSITION INITIALE),0.0,2026-03-05
CAP.PA,PA,Capgemini,Tech,Large,109.65,EUR,29.4,53.1,14.2,50.0,42.7,36.0,EVITER (<40),,,,13.3,7.1,3.7,9.3,12.0,7.8,1.7,0.8,,,,317.0,,-17.8,-10.9,-25.5,,,,2,0.67,50.0,,-28.9,0.649,FORTE HAUSSE ATTENDUE,0.97,OK,False,0% — ne pas investir,-0.0,2026-03-05
CA.PA,PA,Carrefour,Conso,Large,15.23,EUR,17.1,79.0,74.6,21.2,69.2,47.3,SURVEILLER (>=40),,8.6,2.4,17.9,0.4,,,10.7,8.1,1.0,0.1,,7.4,18.7,637.0,,24.3,26.5,13.2,,5.93,0.88,2,0.69,29.8,,-5.7,0.758,FORTE HAUSSE ATTENDUE,1.286,OK,True,0% — ne pas investir,0.0,2026-03-05
ACA.PA,PA,Credit Agricole,Finance,Large,17.005,EUR,4.4,58.9,43.5,50.0,63.6,35.6,EVITER (<40),,6.9,0.3,0.0,26.6,-60.4,-76.7,7.8,6.9,0.7,1.9,,,,642.0,,17.5,3.4,-0.9,,,,1,0.74,27.9,,-10.6,0.881,REVISION POSITIVE,1.002,OK,False,0% — ne pas investir,0.0,2026-03-05
BN.PA,PA,Danone,Conso,Large,70.04,EUR,33.9,48.6,29.5,27.0,62.0,37.1,EVITER (<40),,10.8,5.1,50.6,6.7,-0.5,-2.5,24.6,16.5,2.7,1.6,,12.1,5.6,317.0,,3.5,-5.7,-7.4,,3.38,0.91,4,0.21,29.5,,-12.0,0.672,FORTE HAUSSE ATTENDUE,0.949,OK,False,0% — ne pas investir,0.0,2026-03-05
DSY.PA,PA,Dassault Systemes,Tech,Large,18.65,EUR,42.0,47.4,8.3,55.0,30.0,38.0,EVITER (<40),,13.3,5.7,83.7,19.2,-4.2,6.6,20.7,13.2,2.8,3.9,,11.9,5.1,143.0,,-41.1,-31.9,-20.1,,1.34,1.6,4,0.47,75.0,,-52.0,0.635,FORTE HAUSSE ATTENDUE,0.742,OK,False,0% — ne pas investir,-0.27,2026-03-05
ENGI.PA,PA,Engie,Energie,Large,26.52,EUR,22.5,49.0,80.0,24.1,64.1,42.9,SURVEILLER (>=40),,11.5,2.9,31.9,5.3,-6.6,-59.4,13.1,13.3,2.3,0.9,,8.5,-1.1,495.0,,62.3,47.0,22.5,,4.24,1.08,3,0.62,34.1,,-10.2,1.018,,1.118,OK,False,0% — ne pas investir,0.0,2026-03-05
EL.PA,PA,EssilorLuxottica,Sante,Large,215.9,EUR,29.6,32.1,17.0,38.6,38.3,29.5,EVITER (<40),,6.1,3.4,59.7,8.1,9.4,-7.7,41.9,24.9,2.6,3.5,,17.2,3.3,180.0,,-1.0,-20.2,-24.6,,2.19,0.99,3,0.55,32.9,,-32.7,0.595,FORTE HAUSSE ATTENDUE,0.764,OK,False,0% — ne pas investir,0.0,2026-03-05
RMS.PA,PA,Hermes,Conso,Large,1899.5,EUR,73.1,14.5,12.2,77.3,45.2,45.5,SURVEILLER (>=40),,25.2,17.3,71.1,28.3,3.9,1.8,44.1,35.5,10.6,12.4,,25.2,1.9,91.0,,-16.4,-10.1,-10.1,,0.31,4.99,4,0.94,28.4,,-26.7,0.804,REVISION POSITIVE,0.905,OK,False,0% — ne pas investir,0.0,2026-03-05
KER.PA,PA,Kering,Conso,Large,257.95,EUR,27.5,40.5,40.4,27.9,47.3,34.4,EVITER (<40),,0.2,2.4,72.6,0.5,,,,24.1,2.2,2.2,,18.4,7.3,97.0,,5.7,-1.6,-9.6,,7.3,1.34,3,1.12,47.6,,-24.9,,,0.99,OK,False,0% — ne pas investir,0.0,2026-03-05
LR.PA,PA,Legrand,Industrie,Large,137.3,EUR,49.9,17.4,62.3,43.8,62.8,44.0,SURVEILLER (>=40),,16.8,6.7,50.8,13.1,3.7,2.2,29.2,21.9,4.9,3.8,,19.9,3.1,168.0,,35.7,-0.3,5.7,,3.18,1.93,4,0.91,29.6,,-11.3,0.748,FORTE HAUSSE ATTENDUE,0.922,OK,False,0% — ne pas investir,0.0,2026-03-05
OR.PA,PA,L'Oreal,Conso,Large,371.45,EUR,55.4,17.2,41.5,54.3,65.8,43.4,SURVEILLER (>=40),,18.0,8.9,74.3,13.9,1.0,0.4,32.4,25.3,5.7,4.5,,19.8,2.9,192.0,,12.8,-1.6,0.9,,1.17,1.45,4,0.88,31.5,,-8.7,0.78,FORTE HAUSSE ATTENDUE,0.992,OK,False,0% — ne pas investir,0.0,2026-03-05
MC.PA,PA,LVMH,Conso,Large,505.8,EUR,48.4,37.8,22.0,50.8,50.1,40.9,SURVEILLER (>=40),,16.2,7.6,66.2,13.5,-4.7,-1.4,23.1,18.8,3.7,3.1,,13.4,4.7,256.0,,-11.2,0.5,-17.9,,1.79,1.58,4,0.84,34.2,,-22.4,0.813,REVISION POSITIVE,1.021,OK,False,0% — ne pas investir,-0.04,2026-03-05
ML.PA,PA,Michelin,Industrie,Large,31.34,EUR,50.0,60.0,36.4,50.0,65.3,50.5,SURVEILLER (>=40),,,,,,,,3.1,9.0,0.4,,,,,,,-0.7,0.5,13.1,,,,0,,29.1,,-9.1,2.943,ATTENTION - REVISION NEGATIVE POSSIBLE,0.929,OK,False,0% — ne pas investir,,2026-03-05
ORA.PA,PA,Orange,Telecom,Large,17.555,EUR,17.2,63.3,90.0,24.6,70.0,47.0,SURVEILLER (>=40),,3.2,2.6,36.9,1.3,,,87.8,13.3,1.6,1.2,,8.0,5.1,425.0,,48.3,31.2,28.0,,4.54,1.11,3,0.25,31.3,,-3.5,0.152,FORTE HAUSSE ATTENDUE,1.598,OK,False,0% — ne pas investir,0.0,2026-03-05
RI.PA,PA,Pernod Ricard,Conso,Large,73.9,EUR,30.1,66.0,4.0,42.6,45.9,36.5,EVITER (<40),,8.6,4.2,58.4,14.1,-14.9,-18.0,13.2,12.2,1.2,1.9,,10.7,8.1,647.0,,-15.5,-14.7,0.3,,4.72,2.34,4,0.38,43.2,,-26.1,0.923,,0.859,OK,False,0% — ne pas investir,0.0,2026-03-05
PUB.PA,PA,Publicis,Tech,Large,75.8,EUR,43.1,73.2,12.6,41.8,51.6,44.8,SURVEILLER (>=40),,15.5,3.8,44.9,9.5,6.4,-6.6,11.6,9.0,1.8,1.1,,6.5,8.5,486.0,,-12.2,-8.4,-12.6,,1.79,0.97,3,0.55,47.4,,-21.1,0.777,FORTE HAUSSE ATTENDUE,1.011,OK,False,0% — ne pas investir,0.0,2026-03-05
RNO.PA,PA,Renault,Industrie,Mid,28.67,EUR,6.0,69.5,10.0,23.2,30.0,26.5,EVITER (<40),,-40.4,1.8,19.0,-18.9,3.4,,,3.8,0.4,0.1,,11.3,8.5,758.0,,-29.9,-18.0,-21.5,,13.22,1.02,3,0.78,33.8,,-42.1,,,0.758,OK,False,0% — ne pas investir,0.0,2026-03-05
SAF.PA,PA,Safran,Industrie,Large,316.3,EUR,73.4,12.5,67.8,49.0,65.5,53.0,SURVEILLER (>=40),,55.6,4.9,48.0,23.0,12.5,,18.4,25.5,8.9,4.2,,22.2,-1.3,102.0,,28.2,11.5,7.3,,0.9,0.93,3,0.92,35.6,,-8.9,1.387,ATTENTION - REVISION NEGATIVE POSSIBLE,1.08,OK,False,0% — ne pas investir,-0.12,2026-03-05
SGO.PA,PA,Saint-Gobain,Materiaux,Large,75.92,EUR,19.8,66.9,17.6,39.1,45.9,35.3,EVITER (<40),,11.7,5.4,16.0,6.2,-2.1,7.8,13.5,10.2,1.5,0.8,,7.1,,298.0,,-9.5,-18.6,-9.9,,2.61,1.27,4,1.14,28.4,,-26.1,0.759,FORTE HAUSSE ATTENDUE,0.806,OK,False,0% — ne pas investir,-0.57,2026-03-05
SAN.PA,PA,Sanofi,Sante,Large,77.73,EUR,32.4,74.8,19.1,45.2,47.4,43.0,SURVEILLER (>=40),,6.7,4.6,72.3,16.7,6.9,,19.3,8.7,1.3,2.0,,8.5,17.7,495.0,,-21.2,-1.4,-6.6,,1.61,1.09,4,0.36,24.2,,-24.8,0.452,FORTE HAUSSE ATTENDUE,0.944,OK,True,0% — ne pas investir,0.0,2026-03-05
SU.PA,PA,Schneider Electric,Industrie,Large,252.8,EUR,46.0,16.5,46.8,39.0,65.9,38.7,EVITER (<40),,15.6,6.9,42.1,10.4,4.2,-6.2,31.4,22.0,5.9,3.5,,20.0,2.8,163.0,,13.5,10.4,7.9,,2.48,1.19,5,1.03,30.1,,-8.6,0.7,FORTE HAUSSE ATTENDUE,1.07,OK,False,0% — ne pas investir,0.0,2026-03-05
GLE.PA,PA,Societe Generale,Finance,Large,67.98,EUR,11.5,58.9,94.1,50.0,62.8,48.2,SURVEILLER (>=40),,8.8,0.5,0.0,23.3,0.5,49.7,10.0,7.7,0.7,2.0,,,,229.0,,94.3,21.1,8.1,,,,2,0.91,41.6,,-11.3,0.768,FORTE HAUSSE ATTENDUE,1.174,OK,False,0% — ne pas investir,0.0,2026-03-05
STLAM.MI,MI,Stellantis,Industrie,Large,6.292,EUR,7.6,67.5,10.0,40.7,30.0,29.1,EVITER (<40),,-32.8,-1.9,5.2,-14.6,10.3,,,4.0,0.3,0.1,,-18.2,-49.0,1113.0,,-24.7,-21.3,-39.6,,,1.02,2,0.98,86.2,,-42.6,,,0.728,OK,False,0% — ne pas investir,0.0,2026-03-05
TEP.PA,PA,Teleperformance,Tech,Mid,58.14,EUR,26.0,85.8,14.0,33.5,31.4,39.9,EVITER (<40),,11.5,6.2,31.0,4.9,-2.1,8.6,7.2,4.0,0.8,0.3,,4.6,31.1,803.0,,-44.0,-7.9,-0.6,,3.1,1.18,4,0.56,55.5,,-38.8,0.558,FORTE HAUSSE ATTENDUE,1.019,OK,True,0% — ne pas investir,0.0,2026-03-05
HO.PA,PA,Thales,Industrie,Large,236.4,EUR,48.1,29.2,47.7,39.1,60.9,42.6,SURVEILLER (>=40),,21.1,3.4,26.4,7.6,7.1,151.2,46.4,19.3,6.1,2.2,,15.5,3.8,156.0,,7.6,-7.9,1.5,,1.89,0.84,3,0.13,34.4,,-13.0,0.416,FORTE HAUSSE ATTENDUE,0.852,OK,False,0% — ne pas investir,-0.0,2026-03-05
TTE.PA,PA,TotalEnergies,Energie,Large,66.77,EUR,24.8,80.3,61.1,41.1,70.0,50.6,SURVEILLER (>=40),,11.2,4.4,36.0,7.2,-2.5,-22.8,13.4,10.3,1.4,0.8,,5.4,9.5,509.0,,17.3,31.5,20.0,,1.87,0.97,3,0.28,19.2,,-3.7,0.768,FORTE HAUSSE ATTENDUE,0.936,OK,True,0% — ne pas investir,0.0,2026-03-05
VIE.PA,PA,Veolia,Utilities,Large,33.19,EUR,25.3,58.0,55.5,20.9,66.9,40.9,SURVEILLER (>=40),,12.2,2.9,17.7,2.7,,,21.6,12.6,3.5,0.5,,7.8,7.4,449.0,,10.2,15.5,13.3,,5.01,0.86,2,1.04,21.6,,-7.7,0.584,FORTE HAUSSE ATTENDUE,0.93,OK,False,0% — ne pas investir,0.0,2026-03-05
VIV.PA,PA,Vivendi,Telecom,Mid,2.096,EUR,14.6,67.5,0.7,37.5,30.0,29.2,EVITER (<40),,-1.4,-0.7,33.1,0.0,8.2,-80.8,,20.7,0.4,6.8,,-59.9,-24.5,190.0,,-19.2,-30.9,-11.1,,,0.51,1,1.16,26.6,,-40.9,,,0.627,ATTENTION,False,0% — ne pas investir,0.0,2026-03-05
WLN.PA,PA,Worldline,Tech,Small,1.4335,EUR,27.5,67.5,10.0,41.8,30.0,36.3,EVITER (<40),,-77.9,-18.2,67.9,-128.0,,,,1.8,0.1,0.1,,-0.8,-918.2,,,-80.9,-45.4,7.1,,,1.09,2,1.13,66.1,,-80.4,,,0.594,ATTENTION,False,0% — ne pas investir,0.0,2026-03-05
AF.PA,PA,Air France-KLM,Industrie,Mid,10.17,EUR,57.1,87.5,36.4,20.0,39.3,54.1,SURVEILLER (>=40),,110.9,3.4,21.0,4.8,3.9,,1.7,2.0,-2.7,0.1,,4.2,19.4,,,11.7,-16.7,-2.4,,4.22,0.62,3,1.13,64.8,,-31.9,1.163,ATTENTION - REVISION NEGATIVE POSSIBLE,0.77,OK,False,0% — ne pas investir,-0.0,2026-03-05
ATO.PA,PA,Atos,Tech,Small,39.87,EUR,25.0,62.1,59.3,29.9,36.1,42.4,SURVEILLER (>=40),,,-1.3,2.3,17.3,-19.0,,,-5.8,-8.5,0.1,,15.9,58.0,,,37.6,-13.1,-17.4,,20.09,1.47,2,1.59,63.0,,-34.7,,,0.946,OK,False,0% — ne pas investir,0.0,2026-03-05
BB.PA,PA,Societe BIC,Conso,Mid,53.6,EUR,19.0,67.3,22.1,68.7,63.9,41.4,SURVEILLER (>=40),,5.0,3.6,48.8,4.1,-2.1,-81.7,12.7,10.6,1.3,1.0,,7.3,5.4,453.0,,-5.6,0.2,13.9,,1.16,2.42,4,-0.09,31.0,,-10.3,0.835,REVISION POSITIVE,1.018,ATTENTION,False,0% — ne pas investir,0.0,2026-03-05
COFA.PA,PA,Coface,Finance,Mid,14.86,EUR,34.2,68.3,29.3,23.2,61.0,41.4,SURVEILLER (>=40),,10.1,2.9,61.1,11.5,-0.0,-14.4,10.0,9.1,1.0,1.1,,12.0,11.9,946.0,,6.5,-4.2,-0.9,,9.04,1.02,3,0.48,24.2,,-12.9,0.909,REVISION POSITIVE,0.927,ATTENTION,False,0% — ne pas investir,0.0,2026-03-05
CRAP.PA,PA,Imerys,Materiaux,Small,137.5,EUR,35.0,60.0,71.3,50.0,56.6,51.8,SURVEILLER (>=40),,,,0.0,29.5,-0.0,,7.6,,0.3,2.2,,,,303.0,,50.7,1.9,11.7,,,,0,0.39,19.3,,-16.7,,,1.022,ILLIQUIDE,False,0% — ne pas investir,-90.89,2026-03-05
DBV.PA,PA,DBV Technologies,Sante,Small,3.72,EUR,35.0,30.0,90.0,52.2,61.1,48.6,SURVEILLER (>=40),,-234.1,-77.3,100.0,0.0,158.8,,,-18.8,11.2,185.8,,,-5.0,,,365.4,128.2,26.1,,,1.8,2,-0.21,71.2,,-12.8,,,2.241,OK,False,0% — ne pas investir,0.0,2026-03-05
EFI.PA,PA,Eiffage,Industrie,Micro,0.121,EUR,21.1,32.5,24.1,39.3,30.0,27.7,EVITER (<40),,5.5,0.3,99.8,123.2,-62.2,,,,0.3,6.4,,43.3,-14.5,,,-3.1,-37.0,-34.9,,21.82,2.11,3,0.33,99.7,,-42.4,,,0.583,ILLIQUIDE,False,0% — ne pas investir,0.0,2026-03-05
ERF.PA,PA,Eurofins Scientific,Sante,Large,65.66,EUR,20.8,45.8,80.4,32.6,64.1,42.9,SURVEILLER (>=40),,9.5,5.5,22.5,6.5,4.3,28.9,25.7,14.0,3.3,1.6,,10.6,4.3,90.0,,37.3,4.8,15.7,,3.05,1.09,4,0.94,29.6,,-10.2,0.545,FORTE HAUSSE ATTENDUE,1.029,OK,False,0% — ne pas investir,-0.03,2026-03-05
FGR.PA,PA,Eiffage,Industrie,Large,137.5,EUR,55.2,78.5,77.1,23.9,68.9,61.4,CANDIDAT (>=55),,17.2,3.9,84.0,3.9,9.3,11.6,13.5,10.7,1.7,0.5,,5.9,16.6,342.0,,28.4,24.0,13.9,,3.81,0.95,3,0.73,25.9,,-6.0,0.792,FORTE HAUSSE ATTENDUE,1.202,OK,False,2-3% portefeuille (POSITION INITIALE),-0.0,2026-03-05
GTT.PA,PA,Gaztransport,Energie,Mid,194.4,EUR,87.2,31.6,92.5,70.4,70.0,71.0,CANDIDAT (>=55),,78.7,31.8,97.5,51.5,19.5,31.4,17.5,16.6,12.2,9.0,,14.3,3.6,500.0,,33.5,26.9,17.4,,0.26,2.0,5,0.56,20.3,,-2.3,0.951,,0.903,OK,False,4-5% portefeuille (CONVICTION MOYENNE),0.0,2026-03-05
HCO.PA,PA,Hipay Group,Tech,Micro,3.8,EUR,6.0,85.8,56.1,60.1,64.9,47.0,SURVEILLER (>=40),,7.6,2.9,12.0,3.9,-6.4,-29.1,0.1,13.1,0.8,0.5,,-1.3,22.7,649.0,,79.4,-5.9,-3.3,,0.48,1.43,3,0.09,44.2,,-9.5,161.534,ATTENTION - REVISION NEGATIVE POSSIBLE,1.041,ILLIQUIDE,True,0% — ne pas investir,-0.0,2026-03-05
INF.PA,PA,Imerys,Materiaux,Micro,37.9,EUR,37.9,69.5,29.1,57.0,59.0,48.0,SURVEILLER (>=40),,12.0,6.4,54.8,5.3,-1.8,-39.1,17.2,12.1,2.3,0.9,,8.3,11.1,531.0,,10.0,-8.9,-11.0,,1.52,1.84,4,0.41,38.3,,-14.6,0.703,FORTE HAUSSE ATTENDUE,0.902,ILLIQUIDE,False,0% — ne pas investir,0.0,2026-03-05
ITX.MC,MC,Industria de Diseno,Conso,Large,53.02,EUR,75.7,28.3,66.0,57.1,66.0,58.6,CANDIDAT (>=55),,32.7,13.5,56.1,15.3,4.9,8.9,27.5,24.4,8.8,4.2,,17.5,,212.0,,20.7,18.9,-2.4,,0.6,1.3,4,0.9,26.2,,-8.5,0.889,REVISION POSITIVE,1.208,OK,False,2-3% portefeuille (POSITION INITIALE),-0.01,2026-03-05
MF.PA,PA,Wendel,Finance,Mid,84.25,EUR,12.3,78.8,46.0,30.7,66.2,41.1,SURVEILLER (>=40),,6.0,3.3,11.5,-1.9,,,,17.4,1.0,0.5,,7.5,16.6,731.0,,4.7,8.1,8.9,,5.71,1.53,4,0.98,34.6,,-8.3,,,1.047,ATTENTION,True,0% — ne pas investir,0.0,2026-03-05
MRK.DE,DE,Merck KGaA,Sante,Large,113.2,EUR,39.7,56.0,34.5,46.8,58.3,44.7,SURVEILLER (>=40),,10.3,5.3,58.9,13.9,1.0,11.3,16.6,12.6,1.7,2.3,,10.9,5.1,179.0,,-8.2,6.0,-6.2,,2.1,1.49,5,0.72,31.3,,-15.2,0.757,FORTE HAUSSE ATTENDUE,1.041,OK,False,0% — ne pas investir,-70.27,2026-03-05
NK.PA,PA,Imerys SA,Materiaux,Small,22.52,EUR,20.6,66.5,28.0,44.4,42.9,38.2,EVITER (<40),,-13.9,2.1,64.7,-12.1,-3.7,,,10.2,0.7,0.6,,7.4,3.6,328.0,,-10.5,0.2,-6.2,,4.95,2.46,3,0.69,37.6,,-28.7,,,0.997,ATTENTION,False,0% — ne pas investir,0.0,2026-03-05
OERL.SW,SW,OC Oerlikon,Industrie,Small,3.95,CHF,6.9,27.8,46.8,23.8,63.1,25.5,EVITER (<40),,-4.9,0.2,27.9,-1.2,-2.7,-60.9,,14.4,1.4,0.8,,19.8,-43.5,505.0,,0.1,35.4,23.8,,11.7,1.06,3,0.78,59.8,,-11.0,,,1.312,ATTENTION,False,0% — ne pas investir,0.0,2026-03-05
OSE.PA,PA,OSE Immunotherapeutics,Sante,Micro,4.06,EUR,22.1,54.9,10.0,48.4,30.0,32.2,EVITER (<40),,-66.8,-18.4,100.0,0.0,-0.8,,,-5.5,2.7,51.1,,-2.7,-18.3,,,-22.6,-31.0,-15.1,,,1.54,2,0.48,37.5,,-43.6,,,0.661,ILLIQUIDE,False,0% — ne pas investir,-0.1,2026-03-05
RCO.PA,PA,Remy Cointreau,Conso,Mid,38.98,EUR,22.5,46.3,8.4,48.8,34.7,30.2,EVITER (<40),,4.8,3.3,68.1,9.8,-8.3,-32.4,22.1,21.5,1.1,2.2,,12.6,0.7,392.0,,-9.9,-15.5,8.5,,3.56,2.79,4,0.66,48.5,,-35.9,0.971,,0.851,ATTENTION,False,0% — ne pas investir,0.0,2026-03-05
RXL.PA,PA,Rexel,Industrie,Large,34.25,EUR,22.7,53.4,84.9,33.1,65.1,46.5,SURVEILLER (>=40),,10.8,4.8,25.1,3.0,-0.2,,17.2,12.3,1.9,0.5,,12.1,5.7,341.0,,58.2,22.3,4.3,,4.39,1.69,4,0.98,31.2,,-9.3,0.715,FORTE HAUSSE ATTENDUE,1.185,OK,False,0% — ne pas investir,0.0,2026-03-05
SFCA.PA,PA,Sopra Steria,Tech,Micro,2.02,EUR,29.6,66.4,50.6,47.2,70.0,47.7,SURVEILLER (>=40),,8.7,4.8,60.8,8.1,-2.9,21.1,10.1,,0.7,0.8,,3.1,-4.1,,,8.1,2.5,15.4,,1.08,0.91,3,,62.3,,-3.8,,,1.135,ILLIQUIDE,False,0% — ne pas investir,0.0,2026-03-05
SK.PA,PA,Solvac,Materiaux,Mid,46.64,EUR,11.0,87.5,20.0,26.8,30.0,35.2,EVITER (<40),,8.1,3.3,7.4,3.0,-2.3,239.6,10.5,6.1,0.4,0.3,,5.0,10.4,602.0,,-42.6,-21.7,-3.6,,4.41,1.26,4,1.12,41.8,,-48.6,0.578,FORTE HAUSSE ATTENDUE,0.775,ATTENTION,True,0% — ne pas investir,0.0,2026-03-05
SMCP.PA,PA,SMCP,Conso,Small,6.03,EUR,21.7,80.3,72.1,21.6,60.4,48.4,SURVEILLER (>=40),,1.4,2.5,64.2,1.4,-1.6,30.1,30.2,7.5,0.4,0.4,,8.1,39.5,,,84.1,-11.8,-5.0,,4.63,0.91,2,1.0,38.1,,-13.4,0.247,FORTE HAUSSE ATTENDUE,0.888,ATTENTION,True,0% — ne pas investir,-0.0,2026-03-05
SOI.PA,PA,Soitec,Tech,Small,41.05,EUR,7.1,58.8,39.1,43.4,42.2,33.6,EVITER (<40),,0.7,2.9,30.9,1.4,-31.7,,146.6,173.6,1.0,1.9,,7.5,-2.2,,,-46.5,28.6,57.1,,4.34,2.39,3,1.44,90.2,,-29.3,1.184,ATTENTION - REVISION NEGATIVE POSSIBLE,1.423,OK,False,0% — ne pas investir,0.0,2026-03-05
SPIE.PA,PA,SPIE,Industrie,Mid,50.45,EUR,19.3,45.3,56.4,22.3,68.7,36.1,EVITER (<40),,10.7,4.3,9.3,2.0,7.3,,42.0,16.2,4.5,0.8,,14.5,11.6,204.0,,18.9,5.9,6.8,,3.74,0.77,3,0.58,24.3,,-6.1,0.385,FORTE HAUSSE ATTENDUE,1.004,OK,False,0% — ne pas investir,-0.0,2026-03-05
SPSN.SW,SW,SPS Commerce,Tech,Large,143.7,CHF,21.4,30.2,81.9,20.0,70.0,37.9,EVITER (<40),,5.6,1.8,88.7,68.3,-19.6,7.4,29.9,33.7,1.6,20.6,,41.7,2.8,243.0,,32.5,29.1,21.3,,14.07,0.2,3,0.47,18.5,,-2.0,1.127,,1.429,OK,False,0% — ne pas investir,0.0,2026-03-05
TFI.PA,PA,TF1,Telecom,Small,7.12,EUR,23.4,86.4,19.9,59.0,52.2,45.2,SURVEILLER (>=40),,7.8,3.8,47.6,6.7,-8.7,-50.1,9.9,10.1,0.7,0.7,,3.7,13.8,836.0,,3.9,-19.8,-12.4,,0.75,1.52,4,0.8,34.1,,-20.6,1.021,,0.728,ATTENTION,True,0% — ne pas investir,0.0,2026-03-05
TKO.PA,PA,Tikehau Capital,Finance,Mid,17.82,EUR,20.0,57.1,19.0,62.5,59.6,37.4,EVITER (<40),,4.2,2.9,61.4,25.0,-20.6,,17.5,10.1,1.0,5.6,,,,442.0,,-15.8,-6.7,17.7,,,2.99,3,0.59,33.0,,-14.1,0.578,FORTE HAUSSE ATTENDUE,0.903,ATTENTION,False,0% — ne pas investir,-0.01,2026-03-05
TNG.PA,PA,Trigano,Conso,Micro,0.852,EUR,47.5,67.5,46.1,37.5,30.0,49.8,SURVEILLER (>=40),,,-49.4,0.0,0.0,36.4,,,-6.1,-31.6,30.8,,-3.7,-10.1,,,23.3,-22.5,-3.4,,,0.54,0,0.65,50.8,,-42.2,,,0.78,ILLIQUIDE,False,0% — ne pas investir,-0.0,2026-03-05
VK.PA,PA,Vallourec,Materiaux,Mid,19.095,EUR,33.7,77.4,60.1,66.9,70.0,56.7,CANDIDAT (>=55),,15.1,7.5,29.7,9.3,-2.1,-46.2,13.4,9.3,1.9,1.2,,5.9,10.9,769.0,,22.4,22.1,23.0,,1.18,2.31,4,0.61,23.3,,-3.9,0.693,FORTE HAUSSE ATTENDUE,1.226,OK,True,2-3% portefeuille (POSITION INITIALE),-0.18,2026-03-05
ASML.AS,AS,ASML Holding,Tech,Large,1186.0,EUR,76.8,15.6,88.6,58.4,66.7,60.6,CANDIDAT (>=55),,50.5,14.2,52.8,29.4,4.9,7.2,48.0,31.7,23.3,14.1,,36.6,2.4,90.0,,83.3,62.3,24.6,,0.38,1.26,5,1.43,35.2,,-7.9,0.661,FORTE HAUSSE ATTENDUE,1.797,OK,False,2-3% portefeuille (POSITION INITIALE),-0.7,2026-03-05
ADYEN.AS,AS,Adyen,Tech,Large,931.5,EUR,56.0,40.0,10.0,50.0,30.0,40.6,SURVEILLER (>=40),,,,68.2,44.7,16.9,,27.7,19.5,6.3,12.4,,,,,,-24.0,-29.5,-29.4,,,,1,1.9,78.7,,-46.6,0.704,FORTE HAUSSE ATTENDUE,0.768,OK,False,0% — ne pas investir,-0.0,2026-03-05
INGA.AS,AS,ING Groep,Finance,Large,23.045,EUR,39.8,56.0,85.3,50.0,62.2,55.6,CANDIDAT (>=55),,15.8,0.8,0.0,34.0,118.2,3977.7,10.9,8.6,1.2,2.7,,,,466.0,,47.3,7.9,0.5,,,,2,0.85,30.9,,-11.8,0.787,FORTE HAUSSE ATTENDUE,1.046,OK,False,2-3% portefeuille (POSITION INITIALE),-0.09,2026-03-05
PHIA.AS,AS,Philips,Sante,Large,25.58,EUR,27.9,37.2,46.4,27.6,67.5,35.9,EVITER (<40),,7.8,3.2,45.2,5.0,1.1,,27.5,15.0,2.2,1.4,,14.7,1.9,321.0,,5.3,7.9,10.1,,4.01,1.32,5,0.94,42.5,,-7.2,0.544,FORTE HAUSSE ATTENDUE,1.06,OK,False,0% — ne pas investir,0.0,2026-03-05
RAND.AS,AS,Randstad,Industrie,Mid,26.95,EUR,10.0,71.0,10.0,35.0,32.5,30.1,EVITER (<40),,7.4,3.0,18.7,1.3,-4.4,,16.2,8.5,1.3,0.2,,10.1,16.2,602.0,,-24.4,-24.4,-14.3,,2.97,1.21,4,0.78,47.6,,-37.8,0.521,FORTE HAUSSE ATTENDUE,0.699,OK,True,0% — ne pas investir,0.0,2026-03-05
WKL.AS,AS,Wolters Kluwer,Tech,Large,68.42,EUR,75.8,49.0,20.0,33.3,30.0,49.3,SURVEILLER (>=40),,111.7,10.0,73.5,21.4,1.6,36.9,12.1,10.9,19.4,2.5,,9.7,6.6,372.0,,-49.2,-38.0,-22.9,,2.48,0.65,4,0.13,55.4,,-57.4,0.898,REVISION POSITIVE,0.675,OK,False,0% — ne pas investir,-0.09,2026-03-05
ABN.AS,AS,ABN AMRO,Finance,Large,27.43,EUR,9.6,58.3,84.7,50.0,58.7,45.3,SURVEILLER (>=40),,8.5,0.6,0.0,25.9,-2.0,31.8,11.2,8.3,0.8,2.6,,,,444.0,,72.7,7.0,-7.7,,,,1,0.74,32.6,,-14.9,0.738,FORTE HAUSSE ATTENDUE,1.037,OK,False,0% — ne pas investir,-0.0,2026-03-05
AGN.AS,AS,Aegon,Finance,Mid,6.132,EUR,30.4,55.4,43.9,62.5,62.2,45.8,SURVEILLER (>=40),,10.4,0.3,38.6,26.0,,-46.2,7.9,6.1,1.3,2.5,,,,674.0,,25.6,-6.2,-10.9,,,102.07,3,0.6,29.4,,-11.8,0.779,FORTE HAUSSE ATTENDUE,0.907,OK,False,0% — ne pas investir,-0.56,2026-03-05
AKZA.AS,AS,Akzo Nobel,Materiaux,Mid,53.84,EUR,34.0,71.0,41.3,35.4,61.2,46.3,SURVEILLER (>=40),,13.9,5.3,39.9,6.3,-9.4,2763.6,14.6,11.8,2.0,0.9,,8.4,10.0,357.0,,2.3,-10.9,-0.2,,3.31,1.44,4,1.12,28.2,,-12.7,0.814,REVISION POSITIVE,0.882,OK,True,0% — ne pas investir,-0.0,2026-03-05
HEIA.AS,AS,Heineken,Conso,Large,71.86,EUR,24.6,54.5,38.0,26.4,63.6,37.0,EVITER (<40),,9.9,4.3,37.0,6.6,-2.8,7.5,21.3,12.7,2.2,1.4,,10.5,5.3,260.0,,-4.7,9.7,6.5,,3.49,0.93,4,0.49,26.0,,-10.6,0.599,FORTE HAUSSE ATTENDUE,1.115,OK,False,0% — ne pas investir,-0.0,2026-03-05
NN.AS,AS,NN Group,Finance,Large,66.4,EUR,8.9,75.8,70.3,32.5,68.5,44.4,SURVEILLER (>=40),,5.6,0.9,0.0,0.0,,-18.4,15.9,7.8,0.8,,,-10.4,,577.0,,49.8,15.4,4.1,,4.4,,2,0.53,22.1,,-6.3,0.487,FORTE HAUSSE ATTENDUE,1.118,OK,True,0% — ne pas investir,0.0,2026-03-05
UCB.BR,BR,UCB SA,Sante,Large,257.9,EUR,60.3,20.6,95.8,56.0,64.7,57.0,CANDIDAT (>=55),,14.9,7.0,74.3,20.1,26.6,26.3,37.5,18.9,4.5,6.3,,19.1,3.7,55.0,,59.9,26.5,6.5,,0.86,1.38,4,0.26,36.2,,-9.6,0.502,FORTE HAUSSE ATTENDUE,1.242,OK,False,2-3% portefeuille (POSITION INITIALE),-0.02,2026-03-05
SOLB.BR,BR,Solvay,Materiaux,Mid,26.24,EUR,5.2,73.5,24.5,36.3,53.3,33.2,EVITER (<40),,3.0,4.6,21.1,0.6,-12.8,,93.7,9.0,2.7,0.6,,5.6,12.2,923.0,,-13.9,-0.9,1.5,,2.76,1.17,4,0.23,30.6,,-19.6,0.096,FORTE HAUSSE ATTENDUE,0.981,OK,True,0% — ne pas investir,-0.52,2026-03-05
ABI.BR,BR,AB InBev,Conso,Large,64.0,EUR,32.5,65.0,78.8,21.9,67.7,50.1,SURVEILLER (>=40),,9.1,4.6,55.9,11.5,4.8,63.3,21.9,15.2,1.7,2.1,,10.2,8.4,178.0,,14.6,30.9,23.1,,3.78,0.72,3,0.73,26.3,,-7.0,0.694,FORTE HAUSSE ATTENDUE,1.33,OK,False,0% — ne pas investir,-11.42,2026-03-05
COLR.BR,BR,Colruyt,Conso,Mid,33.98,EUR,21.3,59.2,16.1,45.1,56.1,35.0,EVITER (<40),,9.5,3.9,29.0,2.6,4.5,-20.1,13.8,11.2,1.3,0.4,,6.6,-8.8,403.0,,-7.6,-6.3,3.9,,1.27,0.88,3,0.52,19.2,,-17.2,0.809,REVISION POSITIVE,0.943,ATTENTION,False,0% — ne pas investir,-0.76,2026-03-05
GBLB.BR,BR,GBL,Finance,Mid,82.5,EUR,52.5,44.3,67.9,32.5,70.0,51.4,SURVEILLER (>=40),,,,69.9,-2.0,,,81.7,35.1,0.8,1.5,,18.5,,603.0,,28.7,11.0,12.1,,8.78,,1,0.68,16.4,,-3.3,0.43,FORTE HAUSSE ATTENDUE,1.076,OK,False,0% — ne pas investir,-0.02,2026-03-05
BAYN.DE,DE,Bayer AG,Sante,Large,37.775,EUR,24.8,74.5,90.0,25.0,49.0,51.5,SURVEILLER (>=40),,-0.6,3.1,57.3,-0.4,-3.1,,,7.7,1.3,0.8,,8.6,13.9,29.0,,93.7,34.6,13.4,,4.9,1.14,5,0.93,43.7,,-23.4,,,1.321,OK,True,0% — ne pas investir,-0.0,2026-03-05
SAP.DE,DE,SAP SE,Tech,Large,170.98,EUR,52.2,25.2,7.5,54.4,33.2,35.9,EVITER (<40),,16.1,9.0,73.8,19.5,3.3,5.0,28.1,20.1,4.5,5.4,,17.7,4.3,149.0,,-32.4,-22.6,-19.8,,0.67,1.16,4,0.69,60.3,,-37.2,0.714,FORTE HAUSSE ATTENDUE,0.843,OK,False,0% — ne pas investir,0.0,2026-03-05
SIE.DE,DE,Siemens AG,Industrie,Large,224.8,EUR,38.2,29.6,30.7,28.5,61.7,34.3,EVITER (<40),,12.8,3.6,38.8,10.0,4.3,-44.6,23.6,17.7,2.7,2.2,,19.1,4.4,230.0,,4.4,0.5,-1.7,,4.71,1.38,5,1.14,42.0,,-12.3,0.75,FORTE HAUSSE ATTENDUE,0.929,OK,False,0% — ne pas investir,-0.38,2026-03-05
BMW.DE,DE,BMW AG,Industrie,Large,81.42,EUR,8.6,77.2,44.8,25.0,57.0,37.9,EVITER (<40),,7.7,2.3,13.9,5.1,-0.3,,7.2,7.4,0.5,0.4,,9.4,69.9,520.0,,12.1,-2.9,-15.6,,6.98,1.14,3,0.72,26.5,,-16.4,1.035,,0.898,OK,True,0% — ne pas investir,-8.77,2026-03-05
VOW3.DE,DE,Volkswagen,Industrie,Large,92.8,EUR,6.3,50.0,31.2,24.4,59.1,27.6,EVITER (<40),,3.6,1.9,15.3,2.3,2.3,,6.9,4.3,0.3,0.1,,12.5,-177.0,673.0,,0.6,-9.0,-13.2,,12.48,1.1,4,0.96,29.6,,-14.5,0.62,FORTE HAUSSE ATTENDUE,0.841,OK,False,0% — ne pas investir,-59.5,2026-03-05
ALV.DE,DE,Allianz SE,Finance,Large,353.2,EUR,31.9,66.3,50.1,80.0,64.2,53.0,SURVEILLER (>=40),,17.5,1.1,16.4,9.8,-7.7,9.5,12.8,10.6,2.1,1.2,,5.9,,476.0,,16.7,-0.4,-3.7,,0.0,116.45,4,0.65,23.0,,-10.1,0.83,REVISION POSITIVE,0.964,OK,False,0% — ne pas investir,-1.38,2026-03-05
MUV2.DE,DE,Munich Re,Finance,Large,532.0,EUR,44.3,50.9,28.2,37.5,61.4,42.6,SURVEILLER (>=40),,18.5,2.2,34.4,9.8,4.3,-2.4,11.1,10.0,2.1,1.1,,,,449.0,,-2.7,-0.0,0.1,,,0.27,2,0.38,21.4,,-12.5,0.896,REVISION POSITIVE,0.967,OK,False,0% — ne pas investir,-1.37,2026-03-05
DTE.DE,DE,Deutsche Telekom,Telecom,Large,33.06,EUR,43.7,67.0,27.1,29.2,70.0,45.3,SURVEILLER (>=40),,15.6,5.4,44.5,7.9,2.5,-58.2,16.8,13.5,2.6,1.4,,7.8,9.1,303.0,,-7.6,10.2,20.0,,3.49,1.12,4,0.34,31.9,,-3.6,0.804,REVISION POSITIVE,1.342,OK,False,0% — ne pas investir,-1.57,2026-03-05
DB1.DE,DE,Deutsche Boerse,Finance,Large,241.8,EUR,57.5,35.6,17.6,42.9,57.1,41.8,SURVEILLER (>=40),,18.2,0.7,81.2,27.0,4.3,-2.7,22.2,19.0,3.7,6.0,,15.1,,174.0,,-16.0,0.9,8.8,,1.74,1.01,4,0.38,30.9,,-16.3,0.855,REVISION POSITIVE,0.976,OK,False,0% — ne pas investir,-0.0,2026-03-05
BAS.DE,DE,BASF,Materiaux,Large,46.43,EUR,3.9,51.6,37.6,38.1,64.2,30.7,EVITER (<40),,4.3,2.0,23.7,2.7,-5.6,,136.6,15.2,1.2,0.7,,10.1,0.9,488.0,,-3.6,5.9,6.2,,3.83,1.93,3,0.91,29.9,,-10.1,0.111,FORTE HAUSSE ATTENDUE,1.062,OK,False,0% — ne pas investir,0.0,2026-03-05
HEN3.DE,DE,Henkel,Conso,Large,75.7,EUR,33.9,59.1,31.9,49.1,63.6,43.6,SURVEILLER (>=40),,10.4,5.6,50.8,9.9,-3.8,8.1,15.1,13.5,1.6,1.5,,10.2,5.5,264.0,,-6.6,2.5,10.1,,1.36,1.21,5,0.47,24.9,,-10.6,0.89,REVISION POSITIVE,1.042,OK,False,0% — ne pas investir,-61.17,2026-03-05
FRE.DE,DE,Fresenius,Sante,Large,46.4,EUR,11.4,48.1,67.6,26.8,63.1,36.7,EVITER (<40),,5.9,2.6,23.8,5.1,5.9,82.4,22.6,11.5,1.4,1.2,,15.5,5.6,218.0,,25.3,-0.3,-2.4,,5.38,1.26,3,0.91,27.4,,-11.0,0.508,FORTE HAUSSE ATTENDUE,0.955,OK,False,0% — ne pas investir,-0.0,2026-03-05
DSV.CO,CO,DSV A/S,Industrie,Large,1669.0,DKK,25.6,27.9,64.4,22.2,61.7,35.2,EVITER (<40),,7.3,4.6,27.0,3.3,64.7,-59.2,47.1,19.0,3.4,1.6,,22.3,6.4,43.0,,27.4,22.3,8.9,,4.54,0.95,3,1.07,40.4,,-12.3,0.403,FORTE HAUSSE ATTENDUE,1.185,OK,False,0% — ne pas investir,0.0,2026-03-05
NOVO-B.CO,CO,Novo Nordisk,Sante,Large,248.65,DKK,70.0,41.0,2.7,47.6,30.0,43.9,SURVEILLER (>=40),,60.7,17.4,82.4,33.1,-7.6,-4.7,10.8,11.6,5.7,3.6,,7.8,0.0,648.0,,-54.8,-28.6,-19.7,,0.85,0.8,3,0.27,79.4,,-60.0,1.073,,0.684,OK,False,0% — ne pas investir,-24.2,2026-03-05
CARL-B.CO,CO,Carlsberg,Conso,Large,914.8,DKK,61.9,42.2,56.0,20.0,64.4,49.6,SURVEILLER (>=40),,22.8,5.9,45.2,6.7,,,20.4,12.9,4.3,1.4,,10.6,4.5,310.0,,8.2,18.8,12.2,,4.04,0.6,3,0.53,25.8,,-9.9,0.631,FORTE HAUSSE ATTENDUE,1.207,OK,False,0% — ne pas investir,-27.25,2026-03-05
ORSTED.CO,CO,Orsted,Energie,Large,143.5,DKK,21.5,48.8,39.3,38.4,30.0,34.8,EVITER (<40),,2.6,2.3,46.8,3.3,9.8,,75.5,16.0,1.6,2.6,,10.3,-16.2,,,-56.5,28.9,4.1,,5.0,2.05,3,0.72,35.2,,-56.7,0.212,FORTE HAUSSE ATTENDUE,0.918,OK,False,0% — ne pas investir,0.0,2026-03-05
NOKIA.HE,HE,Nokia Oyj,Tech,Large,6.658,EUR,16.9,41.6,70.0,51.7,69.7,41.6,SURVEILLER (>=40),,3.1,2.4,44.6,3.3,2.4,-39.2,60.5,18.5,1.8,1.9,,13.5,1.6,171.0,,28.0,72.2,26.1,,1.69,1.58,3,0.61,50.7,,-5.3,0.305,FORTE HAUSSE ATTENDUE,1.906,OK,False,0% — ne pas investir,-0.0,2026-03-05
FORTUM.HE,HE,Fortum,Utilities,Large,19.53,EUR,25.5,33.6,79.6,40.7,69.7,42.8,SURVEILLER (>=40),,8.6,3.4,41.9,15.3,0.6,-28.8,23.0,22.1,2.1,3.5,,16.0,1.4,373.0,,41.3,29.4,10.6,,3.99,2.2,4,0.26,40.6,,-5.3,0.963,,1.083,OK,False,0% — ne pas investir,-0.0,2026-03-05
NESTE.HE,HE,Neste Oyj,Energie,Large,24.62,EUR,0.0,27.5,90.0,36.0,50.0,32.8,EVITER (<40),,2.0,1.9,12.9,0.8,-11.0,,129.6,16.4,2.6,1.0,,18.8,2.9,89.0,,144.2,46.5,41.8,,4.61,1.89,3,1.04,44.9,,0.0,0.127,FORTE HAUSSE ATTENDUE,1.114,OK,False,0% — ne pas investir,0.0,2026-03-05
SAMPO.HE,HE,Sampo,Finance,Large,9.138,EUR,77.2,65.4,52.0,62.2,62.6,66.2,CANDIDAT (>=55),,26.4,6.3,43.2,18.4,31.4,220.8,12.3,15.1,3.0,2.2,,3.3,6.5,370.0,,12.7,-7.8,-8.3,,0.94,1.85,4,0.27,25.0,,-11.5,1.22,ATTENTION - REVISION NEGATIVE POSSIBLE,0.892,OK,False,4-5% portefeuille (CONVICTION MOYENNE),-0.04,2026-03-05
STERV.HE,HE,Stora Enso,Materiaux,Mid,10.775,EUR,11.5,36.2,53.2,26.0,63.9,30.8,EVITER (<40),,6.6,0.7,24.7,7.5,-2.9,,12.2,13.2,0.8,0.9,,17.7,-3.5,231.0,,8.3,14.5,3.6,,6.82,1.21,4,0.54,39.8,,-10.3,1.074,,1.149,OK,False,0% — ne pas investir,-22.37,2026-03-05
ESSITY-B.ST,ST,Essity,Sante,Large,264.0,SEK,32.7,60.2,36.9,49.1,61.4,44.3,SURVEILLER (>=40),,14.6,6.6,33.3,9.1,-8.2,13.7,14.4,20.0,2.1,1.3,,8.6,5.6,328.0,,-5.1,4.0,1.4,,1.57,1.33,4,0.25,22.0,,-12.5,1.389,ATTENTION - REVISION NEGATIVE POSSIBLE,1.017,OK,False,0% — ne pas investir,-8.43,2026-03-05
VOLV-B.ST,ST,Volvo AB,Industrie,Large,335.5,SEK,39.8,36.8,49.4,25.1,70.0,40.3,SURVEILLER (>=40),,18.5,4.4,23.5,7.2,-10.6,-10.6,19.8,13.5,3.8,1.4,,15.3,6.5,250.0,,9.6,22.1,16.3,,4.45,1.15,5,0.95,22.5,,-5.0,0.68,FORTE HAUSSE ATTENDUE,1.184,OK,False,0% — ne pas investir,-21.85,2026-03-05
ERIC-B.ST,ST,Ericsson,Tech,Large,103.7,SEK,65.9,53.2,79.6,52.8,70.0,63.7,CANDIDAT (>=55),,28.3,7.1,48.1,12.0,-5.0,79.2,12.2,16.3,3.2,1.5,,8.8,5.5,286.0,,15.5,40.7,14.6,,1.08,1.29,4,0.57,36.8,,-1.2,1.338,ATTENTION - REVISION NEGATIVE POSSIBLE,1.558,OK,False,2-3% portefeuille (POSITION INITIALE),-7.88,2026-03-05
SEB-A.ST,ST,SEB AB,Finance,Large,185.0,SEK,19.6,53.7,49.6,50.0,65.1,41.0,SURVEILLER (>=40),,13.5,0.8,0.0,41.2,-5.6,0.8,12.0,11.7,1.6,4.8,,,,459.0,,18.5,3.2,-1.9,,,,1,0.32,29.4,,-9.3,0.977,,0.998,OK,False,0% — ne pas investir,-1.27,2026-03-05
SWED-A.ST,ST,Swedbank,Finance,Large,335.6,SEK,22.3,53.1,79.0,50.0,67.6,47.8,SURVEILLER (>=40),,14.7,1.1,0.0,47.6,-10.7,-3.7,11.6,13.2,1.7,5.5,,,,602.0,,46.9,23.7,10.9,,,,1,0.51,21.5,,-7.1,1.139,,1.199,OK,False,0% — ne pas investir,-0.0,2026-03-05
INVE-B.ST,ST,Investor AB,Finance,Large,362.5,SEK,61.7,75.2,65.5,74.0,70.0,68.1,CANDIDAT (>=55),,17.7,10.0,84.6,71.6,,,7.1,23.0,1.2,5.0,,7.3,8.7,153.0,,12.5,27.6,13.0,,0.69,2.94,5,0.81,16.5,,-4.0,3.263,ATTENTION - REVISION NEGATIVE POSSIBLE,1.236,OK,False,4-5% portefeuille (CONVICTION MOYENNE),-40.7,2026-03-05
EDP.LS,LS,EDP SA,Utilities,Large,4.277,EUR,25.9,62.6,77.7,27.9,69.0,47.9,SURVEILLER (>=40),,8.3,3.3,44.5,7.4,0.4,,26.7,14.4,1.6,1.1,,8.7,,470.0,,43.2,11.6,11.8,,4.79,1.34,4,0.67,27.0,,-5.9,0.537,FORTE HAUSSE ATTENDUE,0.898,OK,False,0% — ne pas investir,-0.72,2026-03-05
GALP.LS,LS,Galp Energia,Energie,Large,19.155,EUR,45.8,58.3,77.0,51.8,70.0,57.3,CANDIDAT (>=55),,23.7,8.3,15.7,5.7,-6.7,537.2,13.7,13.9,3.2,0.7,,6.6,,347.0,,21.8,18.2,29.5,,1.84,1.68,4,0.14,32.5,,-2.0,1.013,,0.842,OK,False,2-3% portefeuille (POSITION INITIALE),-7.87,2026-03-05
BCP.LS,LS,Banco Comercial,Finance,Large,0.8236,EUR,27.5,53.7,90.1,50.0,61.5,51.6,SURVEILLER (>=40),,13.5,1.1,0.0,28.2,10.8,34.5,13.7,9.2,1.6,3.4,,,,355.0,,80.1,15.2,-4.5,,,,1,0.87,34.6,,-12.4,0.672,FORTE HAUSSE ATTENDUE,1.116,OK,False,0% — ne pas investir,-0.0,2026-03-05
NOS.LS,LS,NOS SGPS,Telecom,Mid,5.47,EUR,69.5,60.5,76.2,30.7,50.0,61.8,CANDIDAT (>=55),,24.5,5.4,58.4,14.2,5.7,27.5,10.9,13.4,2.7,1.6,,6.9,5.5,700.0,,12.9,40.4,45.5,,2.78,0.61,3,0.42,29.8,,0.0,1.224,ATTENTION - REVISION NEGATIVE POSSIBLE,1.711,ATTENTION,False,2-3% portefeuille (POSITION INITIALE),0.0,2026-03-05
REP.MC,MC,Repsol,Energie,Large,20.22,EUR,13.0,58.8,90.0,36.7,70.0,46.3,SURVEILLER (>=40),,7.4,2.5,26.1,3.9,-7.2,,12.5,7.5,1.0,0.5,,7.5,-1.1,548.0,,49.5,40.5,28.1,,3.34,1.54,4,0.2,29.8,,-2.3,0.601,FORTE HAUSSE ATTENDUE,1.068,OK,False,0% — ne pas investir,-0.34,2026-03-05
BBVA.MC,MC,BBVA,Finance,Large,18.55,EUR,33.2,52.6,78.8,50.0,57.7,50.9,SURVEILLER (>=40),,18.3,1.4,0.0,33.2,0.3,5.4,10.5,8.4,1.8,3.3,,,,488.0,,68.8,16.7,-2.0,,,,2,0.92,41.6,,-15.8,0.797,FORTE HAUSSE ATTENDUE,1.131,OK,False,0% — ne pas investir,0.0,2026-03-05
SAN.MC,MC,Banco Santander,Finance,Large,9.701,EUR,17.7,54.9,88.9,50.0,60.7,48.2,SURVEILLER (>=40),,12.7,0.8,0.0,30.1,-6.4,25.3,11.5,8.2,1.4,3.0,,,,250.0,,84.0,16.9,1.9,,,,2,0.92,42.2,,-13.1,0.708,FORTE HAUSSE ATTENDUE,1.133,OK,False,0% — ne pas investir,-0.36,2026-03-05
IBE.MC,MC,Iberdrola,Utilities,Large,19.3,EUR,32.5,36.7,96.7,21.0,69.8,46.5,SURVEILLER (>=40),,10.3,3.9,54.6,14.3,0.5,559.8,22.7,18.2,2.5,3.0,,13.3,-1.3,342.0,,44.6,25.0,9.5,,4.04,0.87,3,0.65,19.2,,-5.2,0.8,REVISION POSITIVE,1.047,OK,False,0% — ne pas investir,-0.0,2026-03-05
TEF.MC,MC,Telefonica,Telecom,Large,3.568,EUR,13.5,70.4,19.9,21.3,48.5,31.9,EVITER (<40),,-8.7,1.0,45.3,-12.0,-26.6,,,9.8,1.4,0.6,,8.2,8.0,833.0,,-8.1,-17.9,2.3,,5.89,0.89,2,0.31,32.2,,-23.8,,,0.745,OK,True,0% — ne pas investir,-0.1,2026-03-05
AMS.MC,MC,Amadeus IT,Tech,Large,53.74,EUR,68.0,43.6,3.1,43.7,45.0,44.1,SURVEILLER (>=40),,26.9,9.7,43.9,20.5,5.2,-3.8,17.7,13.9,4.8,3.5,,10.2,4.7,269.0,,-21.6,-19.6,-10.7,,1.32,0.82,4,0.57,43.7,,-26.9,0.781,FORTE HAUSSE ATTENDUE,0.875,OK,False,0% — ne pas investir,-0.12,2026-03-05
CABK.MC,MC,CaixaBank,Finance,Large,10.045,EUR,27.9,52.6,76.2,50.0,62.0,48.8,SURVEILLER (>=40),,15.6,0.9,0.0,38.4,2.0,-1.4,12.6,10.0,1.8,4.6,,,,494.0,,68.1,17.8,1.0,,,,1,0.06,36.7,,-12.0,0.794,FORTE HAUSSE ATTENDUE,1.141,OK,False,0% — ne pas investir,-0.04,2026-03-05
FER.MC,MC,Ferrovial,Industrie,Large,58.04,EUR,46.7,12.5,74.5,24.9,66.5,41.4,SURVEILLER (>=40),,14.3,2.4,87.4,9.2,5.7,-87.6,48.0,47.9,7.1,4.3,,35.1,0.8,152.0,,51.4,21.7,1.2,,7.37,1.13,3,0.76,25.0,,-8.1,0.998,,1.179,OK,False,0% — ne pas investir,-0.09,2026-03-05
MAP.MC,MC,Mapfre,Finance,Large,3.696,EUR,37.1,77.5,62.7,55.1,59.3,56.1,CANDIDAT (>=55),,17.5,3.8,26.3,3.8,-3.3,-3.2,10.0,9.1,1.2,0.4,,-1.0,7.3,439.0,,54.5,-1.1,-10.2,,0.81,1.29,4,0.22,25.2,,-14.4,0.914,REVISION POSITIVE,0.957,OK,True,2-3% portefeuille (POSITION INITIALE),0.0,2026-03-05
MTS.MC,MC,ArcelorMittal Spain,Materiaux,Large,49.41,EUR,5.6,57.6,90.0,43.4,60.6,43.9,SURVEILLER (>=40),,6.0,2.0,9.6,5.1,1.7,,14.0,10.6,0.8,0.6,,8.5,-3.1,95.0,,73.7,69.7,32.4,,2.27,1.36,3,1.67,50.6,,-13.2,0.752,FORTE HAUSSE ATTENDUE,1.703,OK,False,0% — ne pas investir,0.0,2026-03-05
ENI.MI,MI,ENI SpA,Energie,Large,20.22,EUR,2.4,60.6,80.0,41.4,70.0,41.7,SURVEILLER (>=40),,5.1,2.9,19.8,3.1,-12.2,-68.2,24.7,11.1,1.3,0.7,,6.0,-14.4,521.0,,42.0,40.6,25.6,,2.45,1.33,3,0.57,18.1,,-0.7,0.45,FORTE HAUSSE ATTENDUE,1.069,OK,False,0% — ne pas investir,-0.04,2026-03-05
ENEL.MI,MI,Enel SpA,Utilities,Large,9.462,EUR,34.7,52.4,80.3,23.4,67.5,48.2,SURVEILLER (>=40),,15.1,4.8,35.2,8.2,-0.1,-0.6,15.8,13.2,3.5,1.2,,9.0,6.1,507.0,,51.1,23.4,10.6,,3.64,0.82,3,0.91,33.1,,-7.2,0.835,REVISION POSITIVE,1.026,OK,False,0% — ne pas investir,0.0,2026-03-05
ISP.MI,MI,Intesa Sanpaolo,Finance,Large,5.315,EUR,22.3,54.9,61.8,50.0,60.5,44.4,SURVEILLER (>=40),,14.3,1.0,0.0,36.5,-3.1,,9.3,8.5,1.4,3.6,,,,701.0,,29.9,0.4,-5.3,,,,1,0.77,31.0,,-13.3,0.915,REVISION POSITIVE,0.971,OK,False,0% — ne pas investir,0.0,2026-03-05
UCG.MI,MI,UniCredit,Finance,Large,66.93,EUR,31.5,54.3,77.0,50.0,58.7,50.4,SURVEILLER (>=40),,16.8,1.3,0.0,43.6,3.7,20.5,9.7,8.2,1.5,4.0,,,,458.0,,41.1,2.7,2.9,,,,2,1.01,39.7,,-14.9,0.844,REVISION POSITIVE,0.993,OK,False,0% — ne pas investir,0.0,2026-03-05
LDO.MI,MI,Leonardo,Industrie,Large,56.7,EUR,33.6,20.7,58.1,38.6,68.7,37.8,EVITER (<40),,11.8,4.4,37.9,5.5,10.6,,28.2,25.0,3.6,1.7,,19.1,2.7,86.0,,15.9,12.3,20.1,,2.09,0.93,3,0.47,40.4,,-6.1,0.887,REVISION POSITIVE,1.088,OK,False,0% — ne pas investir,-0.02,2026-03-05
PRY.MI,MI,Prysmian,Industrie,Large,98.6,EUR,63.7,31.2,94.9,43.5,67.6,59.0,CANDIDAT (>=55),,21.6,6.2,39.7,6.3,14.1,121.2,24.0,18.5,4.8,1.4,,14.0,3.1,78.0,,80.6,22.3,16.0,,2.04,1.23,5,0.84,37.5,,-7.1,0.772,FORTE HAUSSE ATTENDUE,1.186,OK,False,2-3% portefeuille (POSITION INITIALE),-0.0,2026-03-05
G.MI,MI,Generali,Finance,Large,33.75,EUR,27.4,68.5,49.6,45.0,67.7,46.8,SURVEILLER (>=40),,13.4,0.9,21.2,6.7,5.6,6.8,13.3,11.0,1.7,0.9,,10.2,10.0,421.0,,15.7,2.2,0.0,,4.7,2.63,3,0.64,21.8,,-7.0,0.826,REVISION POSITIVE,0.988,OK,False,0% — ne pas investir,-0.05,2026-03-05
BAMI.MI,MI,Banco BPM,Finance,Large,11.68,EUR,20.5,56.6,77.7,50.0,62.6,47.5,SURVEILLER (>=40),,13.9,1.0,0.0,37.4,-10.5,89.8,8.5,8.8,1.1,3.2,,,,840.0,,43.2,-3.5,-2.6,,,,1,0.52,34.4,,-11.5,1.042,,0.934,OK,False,0% — ne pas investir,0.0,2026-03-05
REC.MI,MI,Recordati,Sante,Mid,47.58,EUR,69.2,27.7,16.7,42.1,61.0,43.8,SURVEILLER (>=40),,21.3,9.2,69.1,15.8,13.4,-2.4,24.5,14.9,5.0,3.8,,13.5,-4.1,271.0,,-8.0,-10.6,-2.5,,2.89,1.64,4,0.6,19.2,,-12.9,0.608,FORTE HAUSSE ATTENDUE,0.856,OK,False,0% — ne pas investir,-0.03,2026-03-05
